id,first_name,last_name,email,gender,ip_address,salary
1,Hadrian,Bridie,hbridie0@cdbaby.com,Male,112.160.37.12,93144
2,Doll,Gawne,dgawne1@phoca.cz,Female,229.3.141.136,69531
3,Decca,Prop,dprop2@redcross.org,,104.75.204.218,
4,Babs,Lande,blande3@xing.com,Genderqueer,238.182.87.171,94304
5,Barrett,O'Brogan,bobrogan4@wikia.com,Male,104.60.27.200,117200
6,Kenon,Quigg,kquigg5@cdc.gov,Male,62.109.223.68,128071
7,Salomon,Murricanes,smurricanes6@unicef.org,Male,96.66.60.22,186666
8,Joycelin,Whether,jwhether7@hatena.ne.jp,Female,73.62.1.60,181480
9,Gardner,McIllroy,gmcillroy8@jimdo.com,Male,1.160.28.129,112026
10,Mollie,Runnicles,mrunnicles9@yahoo.com,Female,199.175.247.0,140987
11,Akim,Dalbey,adalbeya@mapquest.com,Male,50.172.75.191,71615
12,Cull,Andri,candrib@histats.com,Male,17.111.59.5,64407
13,Neala,Bottom,nbottomc@people.com.cn,Bigender,161.234.25.39,205223
14,Halsy,Hankard,hhankardd@indiegogo.com,,111.4.98.41,
15,Mikey,Willbraham,mwillbrahame@163.com,Non-binary,44.149.216.113,242270
16,Ophelia,Flowith,oflowithf@rakuten.co.jp,Female,173.100.66.195,28707
17,Omar,Mullenger,omullengerg@plala.or.jp,Genderqueer,189.182.166.59,151727
18,Joelynn,Drable,jdrableh@stanford.edu,,186.146.230.179,
19,Randell,Regardsoe,rregardsoei@blogs.com,Male,188.54.19.41,138477
20,Ward,Weeks,wweeksj@gmpg.org,Male,82.232.112.45,125247
21,Myrtice,Rowsell,mrowsellk@pbs.org,Female,76.91.58.31,171816
22,Anica,LeEstut,aleestutl@mozilla.org,Female,255.187.144.242,240394
23,Deena,Laver,dlaverm@washingtonpost.com,Female,191.98.27.224,77975
24,Damara,Sloane,dsloanen@patch.com,Female,67.90.194.97,227055
25,Shena,Gaskall,sgaskallo@liveinternet.ru,Female,19.86.177.123,163050
26,Immanuel,Knott,iknottp@blinklist.com,Male,32.74.8.62,72589
27,Barbara,Ropkins,bropkinsq@timesonline.co.uk,Female,46.142.171.174,84476
28,Natty,Pettifor,npettiforr@hexun.com,Male,18.241.30.184,235210
29,Christa,Lacelett,claceletts@discuz.net,Female,130.198.66.161,176434
30,Allegra,Kingsley,akingsleyt@e-recht24.de,Female,156.232.88.12,172439
31,Ringo,Galea,rgaleau@lulu.com,Male,95.92.45.122,99487
32,Von,Antonoczyk,vantonoczykv@etsy.com,Male,244.103.102.214,151609
33,Latrina,Borell,lborellw@meetup.com,Female,225.7.159.99,68936
34,Ezmeralda,Denslow,edenslowx@cafepress.com,Female,205.190.18.15,220697
35,Faber,Luckett,flucketty@nih.gov,Male,250.88.180.193,153256
36,Filberte,Dendle,fdendlez@smh.com.au,Male,253.74.173.206,128372
37,Andy,Ferrara,aferrara10@youtube.com,Female,11.237.61.224,172038
38,Tristam,Skewis,tskewis11@ning.com,Male,133.77.208.88,108948
39,Trace,Muddle,tmuddle12@stanford.edu,Male,54.156.209.65,153837
40,Glyn,Bettanay,gbettanay13@ted.com,Agender,49.131.255.10,138976
41,Barrett,Gosden,bgosden14@google.it,Male,188.11.0.247,207967
42,Isidro,Perico,iperico15@linkedin.com,Male,63.206.76.208,45613
43,Travis,Yetton,tyetton16@cdbaby.com,Male,109.44.25.98,217208
44,Jared,Sansun,jsansun17@businessweek.com,,203.235.214.236,
45,Lancelot,Humberstone,lhumberstone18@hhs.gov,Male,197.171.231.196,167588
46,Carroll,Whitchurch,cwhitchurch19@state.gov,Male,95.156.166.246,159143
47,Anett,Micklem,amicklem1a@apache.org,Female,112.151.29.95,88579
48,Travis,Diggle,tdiggle1b@mapy.cz,Male,45.218.181.163,174574
49,Gabe,Tuffield,gtuffield1c@seattletimes.com,Male,10.161.164.120,76607
50,Leandra,Mauchlen,lmauchlen1d@yelp.com,Female,30.114.157.16,151299
51,Robinia,Fentem,rfentem1e@disqus.com,,2.131.55.175,
52,Reeva,Rennocks,rrennocks1f@google.nl,Female,72.54.84.195,63905
53,Wait,Clampe,wclampe1g@unc.edu,Male,26.15.190.158,163457
54,Berkie,Gatfield,bgatfield1h@amazonaws.com,,143.102.216.123,
55,Renaldo,McGinney,rmcginney1i@storify.com,,21.139.216.13,
56,Dael,Spearman,dspearman1j@amazonaws.com,Male,60.11.101.2,187215
57,Fae,Gillhespy,fgillhespy1k@storify.com,Female,9.55.95.168,174121
58,Yehudi,Wardrope,ywardrope1l@who.int,,177.224.151.26,
59,Gil,Madsen,gmadsen1m@webs.com,Male,128.138.169.228,154731
60,Jenna,Poupard,jpoupard1n@si.edu,Female,143.245.215.136,191104
61,Vickie,Kildahl,vkildahl1o@washington.edu,Female,147.195.247.228,197444
62,Ancell,Place,aplace1p@mashable.com,Male,232.94.34.49,152572
63,Millard,Ratlee,mratlee1q@cmu.edu,Male,116.98.168.192,55544
64,Sibeal,Babber,sbabber1r@indiatimes.com,Female,11.53.15.180,134001
65,Silvio,Stockau,sstockau1s@discuz.net,Male,117.153.82.42,154807
66,Ambrosius,Watts,awatts1t@auda.org.au,Non-binary,166.118.243.48,99013
67,Gertrude,Bernth,gbernth1u@diigo.com,Female,145.223.154.164,83087
68,Jorry,Krol,jkrol1v@europa.eu,Female,168.82.254.212,61884
69,Wyndham,Sikora,wsikora1w@geocities.jp,Agender,26.52.25.105,39715
70,Alden,Eggle,aeggle1x@washingtonpost.com,Male,107.163.113.250,136984
71,Thurston,Allderidge,tallderidge1y@moonfruit.com,Male,197.247.113.20,168101
72,Lacy,Elverston,lelverston1z@google.it,Genderqueer,39.91.197.180,154572
73,Mattie,Kentwell,mkentwell20@devhub.com,Male,88.112.12.131,128808
74,Bordie,Stiddard,bstiddard21@artisteer.com,Male,113.7.92.18,178774
75,Carlie,Ivakhnov,civakhnov22@php.net,Male,252.251.157.71,147789
76,Kasey,Showell,kshowell23@bizjournals.com,Genderqueer,75.30.51.207,71717
77,Norrie,Ashmore,nashmore24@cisco.com,Male,193.92.108.220,61870
78,Felicia,Sey,fsey25@about.me,Female,125.87.100.143,142296
79,Cy,Hartless,chartless26@bing.com,Male,5.186.25.227,115488
80,Norbie,Treeby,ntreeby27@sbwire.com,Male,82.182.130.215,204962
81,Dierdre,Dallimare,ddallimare28@cnet.com,Female,158.32.101.182,57555
82,Athena,Shee,ashee29@nyu.edu,Female,192.163.195.13,34691
83,Frederico,Featenby,ffeatenby2a@oakley.com,Male,112.54.90.215,233905
84,Daveen,Fuxman,dfuxman2b@slideshare.net,Female,116.48.180.202,105388
85,Cullen,Ibanez,cibanez2c@prnewswire.com,Male,218.163.203.199,187106
86,Antony,Packwood,apackwood2d@moonfruit.com,Male,228.98.136.72,212256
87,Basilio,Kedie,bkedie2e@theglobeandmail.com,Male,53.234.44.67,167600
88,Job,Carstairs,jcarstairs2f@webmd.com,Male,59.8.149.84,235575
89,Prinz,Millett,pmillett2g@arstechnica.com,Male,101.246.13.105,245977
90,Shep,Aronstein,saronstein2h@aboutads.info,Male,57.223.207.131,109924
91,Daloris,Kless,dkless2i@patch.com,Female,159.113.132.246,91639
92,Brenna,Cay,bcay2j@privacy.gov.au,Female,227.160.162.215,215524
93,Lezley,Musslewhite,lmusslewhite2k@gov.uk,Male,159.203.67.94,218407
94,Jasen,Daunay,jdaunay2l@wunderground.com,Male,23.164.74.73,157733
95,Jessi,Whitlaw,jwhitlaw2m@fda.gov,Female,206.179.43.3,152484
96,Luigi,Colman,lcolman2n@opera.com,Male,5.39.179.60,180562
97,Arleen,Wallach,awallach2o@163.com,Non-binary,133.144.161.8,239507
98,Timofei,Gotliffe,tgotliffe2p@pagesperso-orange.fr,Agender,15.200.170.64,63294
99,Adrianne,Hadley,ahadley2q@blinklist.com,Female,98.145.120.151,121259
100,Kaile,Mushart,kmushart2r@ed.gov,Female,56.132.80.168,89353
101,Tyson,Angless,tangless2s@sakura.ne.jp,Male,135.153.235.201,202263
102,Datha,Boggas,dboggas2t@sfgate.com,Female,142.161.24.213,126792
103,Susanna,Twinberrow,stwinberrow2u@imageshack.us,,221.221.211.73,
104,Bryana,Hennington,bhennington2v@discovery.com,Female,216.100.78.175,228975
105,Ringo,Alves,ralves2w@unesco.org,Male,119.106.138.176,50159
106,Sloan,Atling,satling2x@cornell.edu,Male,124.198.37.202,244615
107,Jarrid,Ornillos,jornillos2y@bizjournals.com,Male,210.42.36.12,133525
108,Clemmy,Annott,cannott2z@printfriendly.com,Male,70.119.73.171,81997
109,Ellie,Donovin,edonovin30@google.com.br,Female,10.80.240.246,73455
110,Josiah,Boag,jboag31@nps.gov,Male,21.182.196.95,97709
111,Clayborn,Clinning,cclinning32@joomla.org,,144.45.231.122,
112,Peggie,Bambery,pbambery33@issuu.com,Female,116.107.169.108,185340
113,Mame,Aleksic,maleksic34@w3.org,Female,50.72.75.150,177148
114,Kerk,Pettegre,kpettegre35@businessinsider.com,Male,163.61.252.219,33537
115,Eilis,Cumberland,ecumberland36@pen.io,Female,188.26.183.126,98749
116,Casar,Sein,csein37@cocolog-nifty.com,Male,105.21.188.59,205112
117,Edin,Rubinivitz,erubinivitz38@dot.gov,Female,139.161.235.211,197066
118,Edouard,Willgress,ewillgress39@foxnews.com,Male,24.90.55.191,180742
119,Kelly,MacKim,kmackim3a@shutterfly.com,Male,146.41.228.119,34920
120,Nessa,McClenaghan,nmcclenaghan3b@behance.net,Female,159.212.198.27,157984
121,Suzi,Mapstone,smapstone3c@wordpress.com,Polygender,190.43.87.121,106401
122,Rees,Corinton,rcorinton3d@forbes.com,Male,199.166.44.85,146593
123,Annaliese,Armatidge,aarmatidge3e@drupal.org,Female,191.155.103.111,229872
124,Curtis,Wingeatt,cwingeatt3f@xrea.com,Male,161.251.39.191,70174
125,Conan,Spicer,cspicer3g@forbes.com,Male,242.190.207.82,190158
126,Rhiamon,Rodgerson,rrodgerson3h@unicef.org,Female,92.143.209.35,240737
127,Dorice,Deverall,ddeverall3i@vk.com,Female,76.17.194.78,132003
128,Kriste,Roake,kroake3j@shareasale.com,Female,219.208.59.111,246018
129,Trixy,Whitecross,twhitecross3k@latimes.com,Female,130.234.32.248,188758
130,Dolph,Anshell,danshell3l@uol.com.br,Male,47.196.26.241,84598
131,Arlinda,Kensington,akensington3m@aboutads.info,Polygender,79.47.165.142,129638
132,Goldie,Helliwell,ghelliwell3n@typepad.com,Female,116.84.182.226,188844
133,Robers,Melanaphy,rmelanaphy3o@i2i.jp,Male,223.129.166.240,51661
134,Kerrill,Pittem,kpittem3p@nps.gov,Female,239.185.104.191,27213
135,Trix,McCoveney,tmccoveney3q@yolasite.com,,187.84.200.50,
136,Imelda,Krishtopaittis,ikrishtopaittis3r@disqus.com,Female,3.69.198.60,173620
137,Selina,Malecky,smalecky3s@tiny.cc,,26.79.205.104,
138,Kelsey,Leyzell,kleyzell3t@shinystat.com,,78.170.144.225,
139,Iorgo,Burril,iburril3u@smh.com.au,Male,39.177.33.21,238822
140,Mahala,McGairl,mmcgairl3v@vk.com,,90.68.172.18,
141,Calhoun,Binestead,cbinestead3w@etsy.com,Male,17.54.109.4,159016
142,Lexi,Roussell,lroussell3x@pinterest.com,Female,1.254.109.55,106777
143,Inglis,Guisler,iguisler3y@nasa.gov,Male,247.111.147.122,234235
144,Paulie,Druhan,pdruhan3z@zdnet.com,Female,141.46.234.63,163646
145,Callie,Jeenes,cjeenes40@github.io,Female,28.24.26.203,77434
146,Carrie,Harkin,charkin41@sun.com,Female,20.197.211.197,83117
147,Edee,Foss,efoss42@oaic.gov.au,Female,165.122.220.209,48933
148,Jimmie,Babe,jbabe43@canalblog.com,Male,246.101.181.136,56106
149,Xenia,Verbeek,xverbeek44@moonfruit.com,Female,137.155.161.41,215963
150,Mildred,Cross,mcross45@prnewswire.com,Female,209.192.185.52,145297
151,Izzy,Dyett,idyett46@parallels.com,Male,131.188.226.228,140882
152,Berton,Medgewick,bmedgewick47@un.org,Male,196.200.177.18,60352
153,Sallie,Mumby,smumby48@bandcamp.com,Female,106.31.186.125,223367
154,Pancho,Farragher,pfarragher49@spiegel.de,Male,78.103.217.51,242508
155,Nicoli,Sowman,nsowman4a@fda.gov,,70.213.142.157,
156,Skyler,Bowich,sbowich4b@oracle.com,,192.138.168.174,
157,Kally,Larn,klarn4c@cargocollective.com,Female,199.17.105.200,216290
158,Douglass,Romeril,dromeril4d@amazon.co.jp,,0.96.58.119,
159,Heidi,Iggo,higgo4e@quantcast.com,,157.253.127.211,
160,Lazar,Rives,lrives4f@lulu.com,Male,5.245.86.154,111671
161,Harri,Dunsmore,hdunsmore4g@360.cn,Female,92.37.99.132,149795
162,Caritta,Bengall,cbengall4h@printfriendly.com,Female,209.91.232.230,230799
163,Noella,Keough,nkeough4i@spotify.com,Female,251.39.35.75,75597
164,Tod,Whiles,twhiles4j@auda.org.au,Male,26.109.186.111,95741
165,Cindi,Marioneau,cmarioneau4k@alibaba.com,Female,234.205.124.119,202731
166,Elyssa,Karadzas,ekaradzas4l@diigo.com,Female,232.48.239.99,68922
167,Colas,Costall,ccostall4m@amazon.de,Male,57.102.157.94,177032
168,Stephan,Turfus,sturfus4n@google.co.uk,Male,10.108.71.50,36728
169,Noby,Drennan,ndrennan4o@weebly.com,Male,125.48.194.41,246001
170,Adlai,Reuben,areuben4p@businesswire.com,Male,130.28.23.156,220003
171,Dinah,Robion,drobion4q@bbc.co.uk,Female,130.94.214.68,145648
172,Rance,Bowater,rbowater4r@disqus.com,Male,219.59.203.173,126656
173,Brad,Surmon,bsurmon4s@tiny.cc,Non-binary,229.30.101.138,124099
174,Ferdinande,Veld,fveld4t@mozilla.com,,95.202.68.120,
175,Bliss,Pettegre,bpettegre4u@google.co.uk,Female,13.171.205.63,119569
176,Dean,Standbrooke,dstandbrooke4v@ning.com,Bigender,250.119.207.136,169981
177,Angie,Drohun,adrohun4w@bing.com,Genderqueer,69.0.38.217,34749
178,Orrin,Sagg,osagg4x@soundcloud.com,Male,136.77.136.13,139607
179,Bridgette,Fernez,bfernez4y@spotify.com,Genderqueer,25.224.30.229,71224
180,Adina,Nelsen,anelsen4z@posterous.com,Female,105.188.162.32,112277
181,Aileen,Hanson,ahanson50@mashable.com,Female,73.185.97.87,187891
182,Falito,Pilsbury,fpilsbury51@newyorker.com,Male,72.179.232.74,202143
183,Ring,Ansett,ransett52@bbc.co.uk,Male,155.197.197.148,33079
184,Nathaniel,Phillippo,nphillippo53@livejournal.com,,75.95.96.239,
185,Shaun,Morrieson,smorrieson54@cmu.edu,Polygender,245.235.100.19,135926
186,Julina,Streetley,jstreetley55@timesonline.co.uk,Female,58.149.87.247,128535
187,Leigha,Boydon,lboydon56@wix.com,Female,221.218.37.215,181586
188,Suzy,Lubomirski,slubomirski57@hud.gov,Female,32.135.161.41,157555
189,Bethena,Filippone,bfilippone58@google.de,Female,194.245.128.125,132652
190,Charlie,Jennaway,cjennaway59@arstechnica.com,Genderfluid,204.118.215.5,102811
191,Marna,Kollasch,mkollasch5a@1und1.de,Female,92.198.182.77,114320
192,Dugald,Tailby,dtailby5b@fotki.com,Male,210.233.193.248,175148
193,Kaitlyn,Briand,kbriand5c@prweb.com,Genderqueer,15.165.83.137,134146
194,Nick,Ferson,nferson5d@bbc.co.uk,Male,132.178.70.28,122221
195,Borden,Hassin,bhassin5e@dropbox.com,Male,190.205.170.21,195824
196,Nevin,Swiers,nswiers5f@sfgate.com,Male,103.186.106.117,35413
197,Dallis,McCullogh,dmccullogh5g@unicef.org,Male,159.147.2.92,171096
198,Devlen,Oldknow,doldknow5h@marriott.com,Male,2.244.252.213,220842
199,Clay,Oels,coels5i@themeforest.net,Male,38.176.28.219,110601
200,Stafani,DeSousa,sdesousa5j@qq.com,Female,115.99.203.97,168357
201,Thoma,Woofinden,twoofinden5k@toplist.cz,Male,66.239.110.55,40290
202,Puff,Karleman,pkarleman5l@psu.edu,Male,73.65.249.9,138396
203,Fanni,Mulhall,fmulhall5m@marketwatch.com,Female,209.78.41.88,160527
204,Andy,Hadny,ahadny5n@uol.com.br,Genderqueer,17.51.41.5,63827
205,Gena,Brands,gbrands5o@feedburner.com,Female,233.31.252.222,175398
206,Clayson,Denty,cdenty5p@loc.gov,Male,61.200.55.133,52052
207,Lisbeth,Ferrier,lferrier5q@blogs.com,Female,153.7.29.200,211744
208,Cami,Kreber,ckreber5r@squarespace.com,Female,52.27.223.222,46197
209,Gray,Streeten,gstreeten5s@ihg.com,Female,59.12.38.252,93635
210,Siegfried,Symmons,ssymmons5t@cornell.edu,Male,58.42.69.15,194878
211,Belva,Remon,bremon5u@harvard.edu,Female,240.17.222.225,85695
212,Lyndsey,Mylchreest,lmylchreest5v@meetup.com,Female,115.226.215.193,117417
213,Retha,Tunnow,rtunnow5w@nba.com,Female,234.138.53.143,26368
214,Charita,Geockle,cgeockle5x@nps.gov,Female,194.215.83.19,135767
215,Laetitia,Haythorne,lhaythorne5y@bravesites.com,Female,33.139.62.53,185650
216,Tally,Cowpe,tcowpe5z@altervista.org,Male,218.106.219.134,66902
217,Codee,Cuskery,ccuskery60@admin.ch,Female,56.42.91.247,50260
218,Vanya,Grushin,vgrushin61@histats.com,,218.177.188.50,
219,Jacinda,Jopling,jjopling62@google.fr,Bigender,169.212.192.26,196718
220,Albertina,Hubber,ahubber63@alibaba.com,Female,194.215.81.170,117954
221,Rae,Jiru,rjiru64@cbslocal.com,Female,97.117.208.104,85979
222,Sarine,Leggett,sleggett65@prnewswire.com,Female,113.26.62.52,55440
223,Shani,Keetch,skeetch66@alexa.com,Polygender,61.196.117.33,122162
224,Leonora,Cossar,lcossar67@techcrunch.com,Female,189.227.93.252,110281
225,Claudius,Haigh,chaigh68@vinaora.com,Male,166.197.118.165,120048
226,Guthrie,Greaser,ggreaser69@a8.net,Male,204.168.147.17,240620
227,Meagan,Baradel,mbaradel6a@dell.com,Bigender,132.3.48.38,200223
228,Blondie,Behnke,bbehnke6b@multiply.com,Female,203.110.187.239,213925
229,Mickie,Goney,mgoney6c@wisc.edu,Female,167.50.250.16,86863
230,Tannie,Du Hamel,tduhamel6d@webeden.co.uk,Male,24.229.143.133,246037
231,Ad,Faughny,afaughny6e@google.com.au,,83.170.139.236,
232,Thadeus,Olivari,tolivari6f@usgs.gov,Male,72.132.4.137,88201
233,Alwin,Van der Hoeven,avanderhoeven6g@miibeian.gov.cn,Male,195.26.215.183,220107
234,Ramon,Soares,rsoares6h@latimes.com,Male,187.233.38.215,244219
235,Natka,Djurisic,ndjurisic6i@tinyurl.com,Female,79.246.194.39,217402
236,Andriette,Alcoran,aalcoran6j@businessweek.com,Female,128.72.117.103,205364
237,Robinetta,Crowdson,rcrowdson6k@jigsy.com,,131.162.224.152,
238,Isadore,Braferton,ibraferton6l@npr.org,Male,177.135.99.32,208720
239,Beck,Tyre,btyre6m@biglobe.ne.jp,Male,68.113.204.9,52419
240,Ashleigh,Pendrich,apendrich6n@skype.com,,142.154.124.11,
241,Saba,McSperrin,smcsperrin6o@1688.com,Female,216.15.229.176,89700
242,Anjela,Plevin,aplevin6p@prweb.com,Female,242.100.184.6,160690
243,Fraze,Hembling,fhembling6q@ask.com,Non-binary,161.122.174.38,233240
244,Ursulina,Lortzing,ulortzing6r@fc2.com,,131.100.10.56,
245,Midge,Vidyapin,mvidyapin6s@seattletimes.com,,116.20.232.198,
246,Marlee,Wicken,mwicken6t@github.io,Female,173.243.226.143,33048
247,Kris,Rottery,krottery6u@goo.ne.jp,Genderfluid,122.106.150.43,238163
248,Nonie,Chaulk,nchaulk6v@netvibes.com,Genderqueer,226.182.163.14,46015
249,Torrie,Lettice,tlettice6w@dyndns.org,Female,117.84.241.80,128985
250,Alan,Dasent,adasent6x@hexun.com,,105.233.29.210,
251,Wallis,Crewes,wcrewes6y@google.com.br,Female,141.190.226.131,147537
252,Myrtle,Stefi,mstefi6z@cbslocal.com,Female,121.183.199.126,223588
253,Roley,Raymen,rraymen70@ucoz.ru,Male,100.29.77.84,225996
254,Quincey,Venditto,qvenditto71@auda.org.au,Male,70.80.170.163,199809
255,Burch,Casale,bcasale72@histats.com,Male,22.54.235.63,171453
256,Fletcher,Gellier,fgellier73@tamu.edu,Male,37.164.94.143,66606
257,Shannon,Redwall,sredwall74@elegantthemes.com,Male,155.179.115.66,27335
258,Pasquale,Gouldthorp,pgouldthorp75@yahoo.com,Male,209.42.41.120,199488
259,Mindy,Agnolo,magnolo76@howstuffworks.com,Genderqueer,105.8.218.210,111736
260,Haywood,Readshall,hreadshall77@histats.com,Male,84.123.47.133,194083
261,Verina,Silverson,vsilverson78@goo.gl,Female,139.169.223.138,151916
262,Hartley,Luna,hluna79@cornell.edu,Male,98.181.112.156,87061
263,Shaina,Carlisi,scarlisi7a@springer.com,Female,210.198.50.152,226296
264,Lottie,Beebe,lbeebe7b@163.com,Polygender,207.55.139.77,167963
265,Elberta,McKinney,emckinney7c@virginia.edu,Non-binary,19.64.75.128,231564
266,Jaye,Janjusevic,jjanjusevic7d@geocities.com,Male,168.200.176.38,226267
267,Adey,Bosquet,abosquet7e@bbb.org,Female,96.142.137.206,134404
268,Hatty,Crumpe,hcrumpe7f@ycombinator.com,Female,6.160.230.61,223984
269,Betteann,Vairow,bvairow7g@smh.com.au,,254.229.221.227,
270,Kippar,Cake,kcake7h@wiley.com,Male,87.193.244.227,249491
271,Kerwinn,O'Geaney,kogeaney7i@dell.com,Male,3.59.212.241,232025
272,Madelon,Cush,mcush7j@miibeian.gov.cn,Female,164.11.237.250,214106
273,Joyce,Greenroa,jgreenroa7k@slashdot.org,,19.229.72.127,
274,Wanids,Mewhirter,wmewhirter7l@google.com.au,Female,68.220.30.63,67579
275,Adolph,Conant,aconant7m@discovery.com,Male,3.248.48.83,231661
276,Eugen,Abbie,eabbie7n@senate.gov,Male,140.138.56.51,96576
277,Cristen,Tolefree,ctolefree7o@dropbox.com,Female,217.61.233.104,169769
278,Lonna,Tranfield,ltranfield7p@mapquest.com,Female,154.133.255.126,137153
279,Martie,Ternent,mternent7q@google.de,Male,235.2.2.122,190074
280,Debbie,Cosans,dcosans7r@telegraph.co.uk,Female,53.86.108.146,245112
281,Bessy,Pavie,bpavie7s@digg.com,Female,53.122.126.186,69199
282,Lusa,Tubridy,ltubridy7t@gov.uk,Female,234.203.34.145,99507
283,Yalonda,Richten,yrichten7u@unicef.org,Female,46.172.91.117,92019
284,Gabrila,Alyonov,galyonov7v@ucoz.ru,Female,93.238.66.136,207339
285,Ezmeralda,Barrowcliff,ebarrowcliff7w@lycos.com,Female,123.72.211.247,83753
286,Dorothee,Adame,dadame7x@a8.net,Polygender,104.99.178.243,90546
287,Andrus,Wasielewski,awasielewski7y@yale.edu,Non-binary,31.35.26.43,223239
288,Mercy,Gemeau,mgemeau7z@spotify.com,,189.101.123.199,
289,Franny,Manns,fmanns80@oaic.gov.au,Male,189.85.96.82,94021
290,Lowrance,Lacotte,llacotte81@opera.com,Male,60.158.104.69,114987
291,Elka,Bulmer,ebulmer82@hao123.com,,81.175.201.160,
292,Nefen,Mille,nmille83@fotki.com,Male,247.49.5.181,227052
293,Bendix,Speariett,bspeariett84@behance.net,Male,131.192.133.175,168116
294,Jeannine,Taffrey,jtaffrey85@elegantthemes.com,Female,243.237.230.173,33137
295,Amabel,Goodrick,agoodrick86@hc360.com,Non-binary,88.14.81.214,50432
296,Carling,Camillo,ccamillo87@yellowbook.com,Male,1.251.55.104,132537
297,Melisandra,MacCaffery,mmaccaffery88@ox.ac.uk,Female,76.191.252.166,173046
298,Perry,Finkle,pfinkle89@ning.com,Female,29.204.211.157,156939
299,Ignaz,Aust,iaust8a@imdb.com,Male,254.192.191.91,81972
300,Francyne,Beston,fbeston8b@fastcompany.com,Female,254.69.147.5,37554
301,Kean,Fearnyough,kfearnyough8c@nationalgeographic.com,Male,180.236.225.235,115866
302,Leyla,MacClinton,lmacclinton8d@chicagotribune.com,Female,14.254.40.196,102508
303,Towny,Crole,tcrole8e@exblog.jp,Genderfluid,120.252.121.124,198377
304,Barri,Edscer,bedscer8f@salon.com,Polygender,67.162.237.187,198576
305,Tracy,Edmeades,tedmeades8g@zdnet.com,Male,175.31.101.241,248034
306,Mariana,Flagg,mflagg8h@chronoengine.com,Genderfluid,233.145.75.70,212264
307,Annemarie,Hartmann,ahartmann8i@netvibes.com,Female,233.176.193.224,204191
308,Nolan,Balazin,nbalazin8j@dailymail.co.uk,Male,127.163.77.86,126262
309,Lilith,Folan,lfolan8k@example.com,Female,97.135.127.4,95133
310,Pall,Vedeshkin,pvedeshkin8l@upenn.edu,Male,6.43.156.126,167044
311,Romonda,Luckett,rluckett8m@bloglines.com,,236.134.215.31,
312,Immanuel,Coaster,icoaster8n@nyu.edu,Male,87.103.63.49,164726
313,Dall,Bowmer,dbowmer8o@indiegogo.com,Male,53.221.158.222,240131
314,Kristen,Devonport,kdevonport8p@dot.gov,Female,38.18.109.205,241994
315,Verne,Murrell,vmurrell8q@posterous.com,Male,225.71.49.81,116079
316,Thaddeus,Leifer,tleifer8r@oakley.com,Male,112.246.246.94,35556
317,Yancy,Boggers,yboggers8s@stumbleupon.com,Male,49.223.118.117,190622
318,Bay,Bliven,bbliven8t@wunderground.com,Male,254.54.146.161,53907
319,Roley,Davet,rdavet8u@narod.ru,Male,241.30.99.136,139321
320,Pascal,Feather,pfeather8v@digg.com,Male,97.50.152.197,164715
321,Pip,Dufer,pdufer8w@vk.com,Male,186.88.160.24,46135
322,Greta,Cristofari,gcristofari8x@flickr.com,Female,2.182.110.126,74719
323,Minnnie,Casterot,mcasterot8y@phpbb.com,Female,106.78.15.196,156122
324,Lisetta,Scurr,lscurr8z@mac.com,Female,72.38.153.221,229834
325,Sherlock,Blanchet,sblanchet90@oaic.gov.au,Male,75.107.42.200,208855
326,Torey,Swannack,tswannack91@miitbeian.gov.cn,Female,26.147.122.197,184888
327,Harris,Pottes,hpottes92@networkadvertising.org,Bigender,30.22.254.210,224206
328,Mildred,Newlyn,mnewlyn93@wired.com,Female,171.159.103.113,128850
329,Valentine,Wittleton,vwittleton94@creativecommons.org,Male,15.81.99.182,143246
330,Barbie,Daintree,bdaintree95@bloglines.com,Female,173.63.153.139,221822
331,Cherida,Hartland,chartland96@instagram.com,Female,22.189.130.112,145418
332,Rochelle,Fancy,rfancy97@statcounter.com,Genderfluid,210.104.21.74,89883
333,Walther,Dunbleton,wdunbleton98@ning.com,Male,151.41.250.12,220893
334,Fulvia,Lightwing,flightwing99@npr.org,,5.230.196.203,
335,Jessa,Stace,jstace9a@blogtalkradio.com,Female,107.90.154.124,94217
336,Renata,Thurborn,rthurborn9b@hubpages.com,Female,171.99.244.4,181572
337,Paolina,Mordue,pmordue9c@google.ca,Female,40.24.155.144,162649
338,Datha,Kidder,dkidder9d@bloomberg.com,Female,212.54.56.107,133778
339,Cristin,Lovart,clovart9e@so-net.ne.jp,Female,40.95.251.114,195260
340,Teresa,Pendreigh,tpendreigh9f@163.com,Female,82.180.249.185,91142
341,Sanson,Bowmaker,sbowmaker9g@va.gov,Male,252.80.229.73,40725
342,Dwain,Doucette,ddoucette9h@baidu.com,Male,69.207.3.6,83371
343,Tomaso,Raraty,traraty9i@netvibes.com,Male,238.22.207.127,154964
344,Jaye,Gye,jgye9j@mapy.cz,Male,232.38.49.35,100440
345,Staffard,Briars,sbriars9k@archive.org,Male,53.229.30.12,37219
346,Jerrold,Danilenko,jdanilenko9l@oaic.gov.au,,21.49.162.148,
347,Leeland,Sabater,lsabater9m@auda.org.au,Male,116.47.12.251,162632
348,Maxie,Anstead,manstead9n@sciencedirect.com,Male,207.233.222.223,126881
349,Leonore,Warriner,lwarriner9o@mediafire.com,Female,215.40.130.253,176331
350,Janina,Antonoyev,jantonoyev9p@istockphoto.com,Female,223.221.55.25,112601
351,Babita,Crudgington,bcrudgington9q@printfriendly.com,,226.174.210.247,
352,Filberte,Zuker,fzuker9r@nih.gov,Male,239.172.186.65,126351
353,Tamarra,Urien,turien9s@so-net.ne.jp,Female,184.83.193.185,83602
354,Doloritas,Hannabus,dhannabus9t@washington.edu,Female,129.187.12.96,139937
355,Cacilie,Jacop,cjacop9u@pbs.org,Female,204.80.157.164,222270
356,Dallis,Tanguy,dtanguy9v@ustream.tv,Male,58.41.84.31,212200
357,Maryellen,MacIllrick,mmacillrick9w@exblog.jp,Female,39.51.44.78,64644
358,Gustavo,Le Galle,glegalle9x@arstechnica.com,Male,246.7.154.143,80497
359,Marvin,Haysham,mhaysham9y@jugem.jp,Male,248.51.35.31,244245
360,Dorthea,Spiers,dspiers9z@google.es,Female,217.193.73.125,164383
361,Manda,Andrus,mandrusa0@sbwire.com,Female,249.211.18.48,82911
362,Oates,Habbal,ohabbala1@tmall.com,Agender,89.24.41.94,140115
363,Barrett,Pautard,bpautarda2@wikispaces.com,Male,0.128.49.145,232961
364,Cherye,Boanas,cboanasa3@e-recht24.de,Female,188.176.24.104,58683
365,Klement,Rollinson,krollinsona4@sohu.com,Male,28.180.160.116,232362
366,Gerda,O'Hallagan,gohallagana5@harvard.edu,Female,61.94.95.214,27459
367,Clayson,Ginni,cginnia6@harvard.edu,Male,236.67.234.25,72790
368,Juditha,Conyer,jconyera7@behance.net,Female,225.210.33.104,45808
369,Marget,Goolding,mgooldinga8@reference.com,,75.59.229.16,
370,Vinnie,Keemar,vkeemara9@wufoo.com,Male,39.22.72.37,225926
371,Harmon,Dunderdale,hdunderdaleaa@paginegialle.it,Male,19.58.167.137,238619
372,Zondra,Khan,zkhanab@mapy.cz,,253.64.240.61,
373,Gabriel,Edowes,gedowesac@latimes.com,Male,48.77.87.242,201329
374,Kenon,Capron,kcapronad@hubpages.com,Male,133.15.213.196,141450
375,Ferris,Gallegos,fgallegosae@prlog.org,Male,7.86.210.29,233217
376,Kalila,Leveridge,kleveridgeaf@bandcamp.com,Female,220.92.132.137,80258
377,Shay,Goldman,sgoldmanag@shareasale.com,Genderqueer,181.27.131.191,221177
378,Husein,Ickowicz,hickowiczah@msn.com,,204.72.228.106,
379,Allianora,Cowlas,acowlasai@cafepress.com,Female,29.174.6.41,153936
380,Manfred,Waycot,mwaycotaj@samsung.com,Male,150.16.95.177,179415
381,Cobbie,Brea,cbreaak@wisc.edu,Male,111.130.13.74,199014
382,Vitia,Rapport,vrapportal@virginia.edu,Non-binary,113.234.154.16,160216
383,Linzy,Stemp,lstempam@cornell.edu,Genderqueer,45.108.128.78,83329
384,Aubree,Jakubowski,ajakubowskian@wunderground.com,Female,168.193.32.207,240093
385,Analise,Strooband,astroobandao@geocities.jp,Female,190.224.92.40,159121
386,Trixie,McLellan,tmclellanap@theglobeandmail.com,Female,180.43.131.171,223349
387,Elmer,Ellens,eellensaq@netscape.com,Male,196.37.124.194,36712
388,Gwendolen,Dutson,gdutsonar@auda.org.au,,54.146.111.157,
389,Janetta,Cholwell,jcholwellas@delicious.com,Female,154.107.239.228,169043
390,Vinita,Crummey,vcrummeyat@jimdo.com,Female,70.78.38.0,132838
391,Adrianne,Emerton,aemertonau@feedburner.com,Female,55.210.203.131,118789
392,Mariel,Gloucester,mgloucesterav@businesswire.com,Female,167.121.108.110,241176
393,Drusi,Fonquernie,dfonquernieaw@mediafire.com,Female,172.90.160.176,51622
394,Ericka,Dales,edalesax@com.com,Non-binary,172.58.41.119,44359
395,Mureil,Loughlin,mloughlinay@com.com,,28.175.141.179,
396,Davie,Pluck,dpluckaz@mozilla.org,Male,104.95.123.144,164618
397,Griffy,Fortoun,gfortounb0@twitter.com,,191.191.0.197,
398,Drucy,Southcombe,dsouthcombeb1@naver.com,Female,61.240.117.53,211043
399,Garrot,Ollivier,gollivierb2@unblog.fr,Male,35.108.79.108,98150
400,Henryetta,Keerl,hkeerlb3@fc2.com,Female,82.162.44.165,204295
401,Vick,Cardero,vcarderob4@fastcompany.com,Male,45.242.222.218,234949
402,Katerina,Poulden,kpouldenb5@pcworld.com,,217.236.19.184,
403,Si,Repper,srepperb6@cmu.edu,Polygender,148.198.130.39,55506
404,Kerstin,Danielsson,kdanielssonb7@cargocollective.com,,96.216.62.254,
405,Bryanty,Hattam,bhattamb8@t-online.de,Male,244.97.202.148,186552
406,Hazel,Stranio,hstraniob9@amazon.de,Male,108.75.3.47,217112
407,Aleta,Shubotham,ashubothamba@last.fm,Female,213.211.239.12,163554
408,Georgia,Flannigan,gflanniganbb@huffingtonpost.com,Female,49.0.125.218,201601
409,Fairfax,Deaconson,fdeaconsonbc@timesonline.co.uk,Genderqueer,160.38.19.209,171625
410,Else,Toe,etoebd@ucoz.ru,Female,217.12.190.98,155926
411,Gusta,Gurge,ggurgebe@meetup.com,Female,147.239.7.100,108926
412,Giacobo,Biddlestone,gbiddlestonebf@sphinn.com,Male,153.213.193.244,93860
413,Frank,Briddock,fbriddockbg@europa.eu,Female,241.217.166.106,73985
414,Serene,Emnoney,semnoneybh@flickr.com,Female,201.116.252.18,225327
415,Dari,Lawrenz,dlawrenzbi@lulu.com,Female,249.5.213.236,51841
416,Annice,Tickner,aticknerbj@europa.eu,Female,205.132.40.252,169961
417,Isa,Bollom,ibollombk@wikispaces.com,Female,76.243.21.93,76233
418,Isidore,Spridgen,ispridgenbl@nydailynews.com,Non-binary,234.67.98.83,61909
419,Gabriello,Jopson,gjopsonbm@bing.com,Male,112.18.253.9,96107
420,Gran,Birchett,gbirchettbn@ow.ly,Male,246.234.132.251,101836
421,Alisander,Braisher,abraisherbo@weibo.com,Male,223.131.22.171,190257
422,Marian,Havik,mhavikbp@meetup.com,Female,200.142.112.129,136185
423,Cher,Keyson,ckeysonbq@house.gov,Female,192.228.19.11,127999
424,Roxy,Trematick,rtrematickbr@washington.edu,Female,97.94.58.12,116059
425,Malinde,Wellesley,mwellesleybs@360.cn,Female,84.95.254.7,39875
426,Celinka,Viccary,cviccarybt@arizona.edu,Female,76.93.7.241,202847
427,Tasha,Rilston,trilstonbu@mapy.cz,Female,191.131.233.121,74899
428,Edouard,Coultas,ecoultasbv@eepurl.com,Male,177.243.160.127,131729
429,Jordain,Otton,jottonbw@furl.net,Female,202.10.1.210,221739
430,Randi,Barnet,rbarnetbx@unblog.fr,Male,87.3.96.95,210004
431,Caril,Kropp,ckroppby@yahoo.co.jp,Female,136.28.182.233,167625
432,Lesley,Portch,lportchbz@ehow.com,Male,48.178.236.124,91490
433,Benyamin,Garwood,bgarwoodc0@cdc.gov,Male,71.235.65.95,68301
434,Libby,Skae,lskaec1@shop-pro.jp,Female,187.65.193.108,82469
435,Shanon,Fleischmann,sfleischmannc2@elegantthemes.com,Female,176.102.110.179,124014
436,Afton,Tayt,ataytc3@yellowbook.com,Polygender,240.52.136.159,76502
437,Arvin,Trett,atrettc4@wikia.com,Male,163.138.117.193,160776
438,Alvie,Chester,achesterc5@wix.com,Male,248.193.219.88,115712
439,Sandro,Myring,smyringc6@stumbleupon.com,Male,69.177.81.151,54217
440,Salvatore,Farbrother,sfarbrotherc7@utexas.edu,Male,115.186.41.130,177115
441,Erik,Agronski,eagronskic8@last.fm,Male,18.130.217.229,161218
442,Farrah,Van Weedenburg,fvanweedenburgc9@symantec.com,Female,148.107.13.70,35071
443,Nichols,Booker,nbookerca@blogger.com,Male,212.243.3.192,71003
444,Cordie,Fahey,cfaheycb@over-blog.com,Female,148.133.4.214,185255
445,Enrichetta,Fiddyment,efiddymentcc@telegraph.co.uk,Female,195.145.95.248,168288
446,Doug,Joll,djollcd@ifeng.com,Male,51.202.217.86,86794
447,Serene,Revey,sreveyce@people.com.cn,Female,156.117.131.177,246028
448,Cly,Simper,csimpercf@4shared.com,,148.216.156.123,
449,Lethia,Crinson,lcrinsoncg@epa.gov,Female,213.164.20.174,154175
450,Salvatore,Murfett,smurfettch@nbcnews.com,Male,206.191.124.122,101240
451,Giulio,Varnham,gvarnhamci@constantcontact.com,Non-binary,104.229.73.43,39676
452,Ramsay,Meek,rmeekcj@illinois.edu,Male,98.72.206.176,249474
453,Kerk,Leithgoe,kleithgoeck@oakley.com,,147.16.98.232,
454,Alisander,Dunsire,adunsirecl@ustream.tv,Bigender,18.113.169.175,248049
455,Kriste,Mallatratt,kmallatrattcm@blinklist.com,Female,25.83.234.134,32598
456,Jess,Springett,jspringettcn@booking.com,Male,152.76.151.98,245973
457,Kally,Jolliman,kjollimanco@ed.gov,,161.61.67.70,
458,Derick,Dowyer,ddowyercp@bizjournals.com,Male,172.238.185.101,184516
459,Kareem,Floyd,kfloydcq@cdbaby.com,Male,7.183.244.74,245299
460,Casper,Bydaway,cbydawaycr@smh.com.au,Male,166.118.179.26,196451
461,Josselyn,Baldree,jbaldreecs@engadget.com,,229.149.113.206,
462,Drugi,Aronovich,daronovichct@delicious.com,Male,125.1.113.8,91544
463,Geri,Northen,gnorthencu@howstuffworks.com,,210.127.109.222,
464,Katheryn,Essame,kessamecv@youtube.com,Genderfluid,2.172.181.164,239048
465,Pattie,Tzar,ptzarcw@pbs.org,Female,76.99.173.92,95795
466,Rickard,Dyson,rdysoncx@weather.com,Male,219.120.137.109,85694
467,Pauli,Huxter,phuxtercy@google.com.hk,Female,181.110.245.48,205341
468,Agnola,Brabin,abrabincz@blogtalkradio.com,Non-binary,230.223.60.134,119318
469,Nerti,Durnin,ndurnind0@ow.ly,Female,113.13.179.99,180795
470,Paulie,Spurman,pspurmand1@domainmarket.com,Female,16.178.77.223,46139
471,Dorothy,Piper,dpiperd2@diigo.com,Agender,218.181.39.136,76761
472,Deni,Prati,dpratid3@nbcnews.com,Female,235.108.79.73,133300
473,Millie,Bea,mbead4@loc.gov,Female,57.183.79.159,99256
474,Lari,Baines,lbainesd5@psu.edu,,87.119.220.248,
475,Silas,Valenti,svalentid6@digg.com,Male,31.123.212.216,122541
476,Dexter,Riccione,driccioned7@china.com.cn,Male,209.152.212.137,176184
477,Dalt,Harbin,dharbind8@europa.eu,Male,74.157.108.93,239615
478,Sebastien,Nise,snised9@biglobe.ne.jp,Male,111.182.126.238,80839
479,Ollie,Moretto,omorettoda@bandcamp.com,,40.59.18.19,
480,Maisey,Goldster,mgoldsterdb@unblog.fr,,200.186.142.108,
481,Wanda,Gotch,wgotchdc@alibaba.com,Female,88.103.87.4,145500
482,Edyth,Thornally,ethornallydd@slate.com,Female,127.232.32.157,48508
483,Melessa,Luckie,mluckiede@cpanel.net,Female,44.235.178.183,41426
484,Nicolea,Onn,nonndf@meetup.com,Female,232.134.34.224,142266
485,Gabriele,Toby,gtobydg@weibo.com,Genderqueer,59.134.50.75,203077
486,Krysta,Franz,kfranzdh@linkedin.com,Female,83.101.153.17,31835
487,Gaultiero,Bool,gbooldi@domainmarket.com,Agender,44.127.32.172,199365
488,Alvan,Harriskine,aharriskinedj@mozilla.org,Male,193.188.1.142,200755
489,Ilise,Cockerell,icockerelldk@accuweather.com,Female,52.172.181.28,97373
490,Elspeth,Baudone,ebaudonedl@dedecms.com,Female,157.112.88.156,217304
491,Rosamond,Rosengart,rrosengartdm@weather.com,,80.62.79.178,
492,Maximilian,Goward,mgowarddn@unesco.org,Male,38.122.59.140,94669
493,Wrennie,Bissett,wbissettdo@mit.edu,Female,102.2.133.76,201979
494,Stinky,Ruggieri,sruggieridp@oakley.com,Male,22.107.218.228,157226
495,Dalston,Harriott,dharriottdq@yahoo.co.jp,Male,81.141.121.50,223713
496,Ringo,Boyne,rboynedr@wunderground.com,Male,124.89.111.170,180937
497,Tish,Altoft,taltoftds@statcounter.com,Female,78.76.72.104,202584
498,Benjy,Lapides,blapidesdt@zimbio.com,Male,79.184.66.234,189391
499,Desiree,Spaducci,dspaduccidu@weather.com,Female,118.10.69.199,135566
500,Felizio,Craythorn,fcraythorndv@pcworld.com,Male,228.170.76.171,235039
501,Claudio,Skaif,cskaifdw@addthis.com,Bigender,97.158.111.199,239554
502,Alameda,Obbard,aobbarddx@youtu.be,,254.72.225.230,
503,Rufe,L'Episcopi,rlepiscopidy@illinois.edu,Genderfluid,151.202.46.236,113516
504,Bathsheba,McMylor,bmcmylordz@about.me,Female,230.232.40.114,144983
505,Alfreda,Dreng,adrenge0@nytimes.com,Female,85.81.3.27,51535
506,Lita,Buncombe,lbuncombee1@prweb.com,Agender,156.242.31.65,242231
507,Maury,Cottis,mcottise2@multiply.com,,41.154.98.36,
508,Beryl,Depper,bdeppere3@marriott.com,,202.129.175.228,
509,Jourdan,Maggill'Andreis,jmaggillandreise4@microsoft.com,Female,163.192.39.88,138273
510,Doralyn,Goffe,dgoffee5@slideshare.net,Female,161.189.37.228,88399
511,Colan,Caunce,ccauncee6@diigo.com,Male,210.133.143.96,238318
512,Ilyssa,Cordon,icordone7@huffingtonpost.com,Female,61.163.232.143,104516
513,Dinny,Andreucci,dandreuccie8@ihg.com,Female,205.149.246.102,78441
514,Aundrea,Kleinplac,akleinplace9@elpais.com,Female,55.179.187.85,164952
515,Vail,Boxer,vboxerea@cloudflare.com,Male,37.147.73.188,226391
516,Maddalena,Gagie,mgagieeb@goo.gl,Female,181.133.54.138,213576
517,Beaufort,Leap,bleapec@about.com,Male,207.114.123.80,48088
518,Harriett,Moultrie,hmoultrieed@techcrunch.com,Female,56.204.48.72,218650
519,Obie,Bern,obernee@nsw.gov.au,Male,201.58.157.31,37681
520,Reina,Godfray,rgodfrayef@technorati.com,Female,7.40.67.23,90112
521,Heywood,Ubsdale,hubsdaleeg@xrea.com,Male,80.243.31.162,194558
522,Alleyn,Mattheus,amattheuseh@skyrock.com,Male,177.36.99.50,62936
523,Georgette,Toop,gtoopei@ovh.net,,208.247.110.213,
524,Amber,Burden,aburdenej@scribd.com,Female,123.93.44.218,210390
525,Eadith,Gwillyam,egwillyamek@istockphoto.com,Female,213.183.152.57,109195
526,Pedro,Duignan,pduignanel@topsy.com,Male,190.58.233.2,130447
527,Cicily,Dallin,cdallinem@nifty.com,Female,233.206.157.86,123272
528,Birch,Kraft,bkraften@icio.us,Male,213.148.33.15,103322
529,Joshuah,Langman,jlangmaneo@ucsd.edu,Male,88.11.154.238,60724
530,Pearle,Ventham,pventhamep@yellowpages.com,,83.15.50.75,
531,Rhoda,Brown,rbrowneq@meetup.com,Female,227.200.149.87,183276
532,Kellsie,Wyon,kwyoner@amazonaws.com,Bigender,251.147.229.135,25405
533,Frankie,Rewan,frewanes@admin.ch,,65.7.232.222,
534,Manny,Baggelley,mbaggelleyet@zdnet.com,Male,208.14.69.55,102917
535,Adham,Bendik,abendikeu@hud.gov,Male,56.77.154.151,89401
536,Orson,McGeffen,omcgeffenev@ox.ac.uk,Male,119.112.133.170,141806
537,Sue,Appleford,sapplefordew@nifty.com,Female,30.247.169.236,165757
538,Sigismund,Paullin,spaullinex@cnet.com,Male,42.159.64.0,80076
539,Darlene,Barnes,dbarnesey@blog.com,Female,199.9.238.38,222340
540,Inger,Reinmar,ireinmarez@sphinn.com,Female,131.157.33.61,207028
541,Lisbeth,Lillecrap,llillecrapf0@t-online.de,Female,62.217.162.21,195630
542,Adelbert,Pinching,apinchingf1@ehow.com,Polygender,96.167.222.207,31804
543,Rivy,Reis,rreisf2@time.com,Bigender,77.125.96.90,163720
544,Darline,Bitten,dbittenf3@statcounter.com,Female,134.0.47.8,27200
545,Bambi,Diben,bdibenf4@stanford.edu,Genderfluid,216.214.17.151,78547
546,Gae,Candelin,gcandelinf5@blogs.com,Female,122.186.150.10,137952
547,Devin,Deaville,ddeavillef6@chronoengine.com,Male,153.47.252.167,63622
548,Kelila,Totton,ktottonf7@amazonaws.com,Female,43.155.187.228,61171
549,Rocky,Mabbutt,rmabbuttf8@stumbleupon.com,Male,21.33.182.51,193924
550,Mendel,Forrestill,mforrestillf9@amazon.com,Male,23.64.103.242,209314
551,Lonni,Balffye,lbalffyefa@furl.net,Female,63.95.154.126,244817
552,Abbe,Lyddyard,alyddyardfb@storify.com,Female,46.118.122.181,96981
553,Borden,Flaxon,bflaxonfc@phoca.cz,Male,56.34.90.123,157030
554,Candra,Seivertsen,cseivertsenfd@usda.gov,Female,130.3.88.232,46718
555,Etienne,Simmell,esimmellfe@bluehost.com,Bigender,70.225.140.183,186522
556,Zsa zsa,Avard,zavardff@tripod.com,Female,189.163.160.184,101974
557,Allix,Wyatt,awyattfg@hud.gov,Female,4.72.187.170,47008
558,Hilary,O'Neal,honealfh@over-blog.com,Male,170.37.242.242,245087
559,Ninon,Antcliff,nantclifffi@nbcnews.com,Female,29.212.108.163,56796
560,Ilka,Vsanelli,ivsanellifj@cafepress.com,Female,130.55.76.52,41667
561,Kissee,Gunderson,kgundersonfk@prlog.org,Female,77.231.11.172,73758
562,Cary,Carwardine,ccarwardinefl@facebook.com,Male,135.253.200.98,219104
563,Daffie,Golding,dgoldingfm@virginia.edu,Female,189.53.93.10,218333
564,Jocelyne,Easthope,jeasthopefn@cbc.ca,Female,199.192.1.95,72197
565,Cody,Aberkirder,caberkirderfo@disqus.com,Male,86.28.75.41,183923
566,Milicent,Swafford,mswaffordfp@walmart.com,Female,58.67.36.145,40393
567,Winifred,Jeskin,wjeskinfq@cbsnews.com,Female,29.150.91.95,106637
568,Jordanna,Gething,jgethingfr@blinklist.com,Female,163.101.251.163,76820
569,Petronella,de Juares,pdejuaresfs@furl.net,Female,164.35.52.151,248491
570,Babbette,Stocks,bstocksft@hatena.ne.jp,Female,247.37.103.98,46065
571,Rena,Hutson,rhutsonfu@ox.ac.uk,Female,158.197.249.232,47630
572,Wyn,Gerrett,wgerrettfv@who.int,Male,71.93.189.168,40071
573,Norris,Kilby,nkilbyfw@time.com,Male,43.221.44.251,45776
574,Kissee,Delion,kdelionfx@washington.edu,Female,169.233.200.55,170385
575,Natasha,Puttick,nputtickfy@blogtalkradio.com,Female,79.196.39.125,104686
576,Reamonn,Hacaud,rhacaudfz@yolasite.com,Male,134.186.78.15,158567
577,Donny,Unwin,dunwing0@google.com.br,Male,110.37.40.184,146161
578,Kalil,Bompas,kbompasg1@hc360.com,Male,221.57.71.21,52326
579,Lilith,Kerby,lkerbyg2@wordpress.org,Female,218.88.86.138,135506
580,Ertha,Wallice,ewalliceg3@dagondesign.com,Female,23.41.152.11,39628
581,Elianore,I'anson,eiansong4@walmart.com,Female,224.215.168.41,80926
582,Ezequiel,Mickan,emickang5@nymag.com,Male,160.49.101.99,112222
583,Bendix,Chittim,bchittimg6@youku.com,Male,61.51.119.175,70185
584,Pattie,Foster-Smith,pfostersmithg7@theatlantic.com,Male,79.178.243.30,73090
585,Redford,Bartalin,rbartaling8@wiley.com,,47.238.217.174,
586,Perrine,Eddowis,peddowisg9@samsung.com,Female,40.126.181.31,225243
587,Penrod,Piddlehinton,ppiddlehintonga@theglobeandmail.com,Male,171.135.200.216,119301
588,Max,Fried,mfriedgb@cocolog-nifty.com,Male,85.239.244.152,120484
589,Sax,Denisovich,sdenisovichgc@sina.com.cn,Male,122.0.14.44,139799
590,Ginny,Snare,gsnaregd@last.fm,Female,153.190.69.189,217531
591,Peggie,Gosforth,pgosforthge@csmonitor.com,Female,242.218.97.206,179669
592,Carleton,Taffee,ctaffeegf@simplemachines.org,Male,47.70.121.23,86901
593,Cy,Dowman,cdowmangg@canalblog.com,Male,38.53.255.120,101187
594,Windham,Dagless,wdaglessgh@netvibes.com,Male,112.88.249.29,190654
595,Roberta,Brownlea,rbrownleagi@yandex.ru,Agender,177.56.101.80,45040
596,Roi,Theaker,rtheakergj@scribd.com,Male,24.66.177.109,51662
597,Maddy,MacConnulty,mmacconnultygk@google.com.hk,Female,74.106.21.20,171824
598,Egbert,Headrick,eheadrickgl@cnet.com,Male,133.195.205.219,193548
599,Nance,Commins,ncomminsgm@state.tx.us,Genderfluid,173.124.101.214,26972
600,Massimo,Gianetti,mgianettign@dion.ne.jp,Male,118.114.119.23,227575
601,Keeley,McGreary,kmcgrearygo@who.int,Female,72.188.64.199,66280
602,Aubrey,Germain,agermaingp@japanpost.jp,Female,67.75.240.190,137454
603,Lawton,Mintoff,lmintoffgq@slate.com,Male,226.235.116.198,43801
604,Candace,Goly,cgolygr@sitemeter.com,,70.98.70.106,
605,Shepherd,Tinham,stinhamgs@independent.co.uk,Male,232.204.208.156,150917
606,Chariot,Caplen,ccaplengt@ifeng.com,Male,238.160.116.126,41060
607,Madel,Sheers,msheersgu@domainmarket.com,Female,187.163.96.109,198958
608,Sherm,Tedder,steddergv@squarespace.com,Male,237.48.146.236,46398
609,Clementine,Coale,ccoalegw@webs.com,,27.205.224.189,
610,Sigismundo,Tidcomb,stidcombgx@mac.com,Male,58.37.141.249,92438
611,Kalinda,McCart,kmccartgy@oracle.com,Female,233.174.30.219,107943
612,Beilul,Gruszka,bgruszkagz@squarespace.com,Female,116.130.50.210,230664
613,Sylas,Eckels,seckelsh0@dion.ne.jp,Male,245.198.51.110,67446
614,Issie,Ambrogio,iambrogioh1@webs.com,Female,146.110.22.177,70746
615,Rosaline,Bearne,rbearneh2@apple.com,Female,195.154.244.118,32513
616,Gawain,Taylor,gtaylorh3@google.com.br,Male,155.144.185.80,64001
617,Merrielle,Corser,mcorserh4@g.co,Female,128.124.16.42,249586
618,Jecho,Hendrik,jhendrikh5@cdbaby.com,Male,82.198.177.223,146514
619,Rancell,Gosnall,rgosnallh6@accuweather.com,Male,238.248.61.130,164666
620,Miof mela,Bake,mbakeh7@craigslist.org,Female,61.5.11.212,123876
621,Gardiner,Pond-Jones,gpondjonesh8@weather.com,Male,130.125.241.198,171236
622,Torrin,Mucillo,tmucilloh9@paypal.com,Male,159.250.167.60,184748
623,Lancelot,Anear,lanearha@google.co.jp,Male,189.247.119.151,149659
624,Aubrette,McBratney,amcbratneyhb@toplist.cz,Female,182.162.53.130,78645
625,Gay,Morstatt,gmorstatthc@utexas.edu,Male,40.108.141.93,174319
626,Cobby,Whewell,cwhewellhd@examiner.com,Male,173.143.68.220,119700
627,Kristal,Cockayme,kcockaymehe@phpbb.com,Female,244.147.190.127,191588
628,Tiffani,Whytock,twhytockhf@mit.edu,Polygender,123.167.146.254,218734
629,Mona,Fragino,mfraginohg@marriott.com,Female,149.6.197.42,65356
630,Toddy,Eskell,teskellhh@goo.ne.jp,Male,18.57.20.168,178498
631,Antonetta,Gilhooley,agilhooleyhi@uiuc.edu,Non-binary,61.113.59.32,149535
632,Minor,Eaglen,meaglenhj@baidu.com,Male,50.116.129.138,136160
633,Ninon,Sullivan,nsullivanhk@comcast.net,Female,34.99.231.33,214650
634,Calv,Poundford,cpoundfordhl@cam.ac.uk,Male,230.5.52.134,147505
635,Flint,Edmands,fedmandshm@ehow.com,Male,244.18.77.153,29593
636,Alyda,Adamovsky,aadamovskyhn@washington.edu,Female,125.235.14.242,234432
637,Vinny,Elster,velsterho@mysql.com,Female,179.56.220.169,194829
638,Georas,Girardini,ggirardinihp@istockphoto.com,Bigender,170.251.80.210,108066
639,Delmar,Guerrieri,dguerrierihq@tinypic.com,Male,93.107.180.149,39586
640,Herbie,Hamlen,hhamlenhr@google.fr,Male,7.2.71.33,116501
641,Tiphany,Dubois,tduboishs@paypal.com,Female,154.176.13.4,62742
642,Tye,Camerana,tcameranaht@phoca.cz,Male,176.177.121.89,80795
643,Obadias,Rounsefull,orounsefullhu@weebly.com,Male,179.78.255.26,170406
644,Sullivan,Bail,sbailhv@who.int,Male,51.8.150.195,59861
645,Janette,Maasz,jmaaszhw@psu.edu,Female,206.158.196.109,246702
646,Becki,Gundrey,bgundreyhx@bbb.org,Female,153.212.208.220,198810
647,Ginny,Moyle,gmoylehy@google.com.au,,46.59.241.66,
648,Alard,Abdey,aabdeyhz@patch.com,Male,253.30.210.193,194704
649,Viviene,Dotterill,vdotterilli0@sbwire.com,Female,209.6.44.9,225446
650,Rouvin,McKee,rmckeei1@imageshack.us,Male,64.193.155.156,173516
651,Lindy,Harrow,lharrowi2@nationalgeographic.com,Male,69.203.25.191,238999
652,Elli,Cole,ecolei3@sitemeter.com,Non-binary,207.11.209.58,92626
653,Wandie,Storrah,wstorrahi4@wisc.edu,,206.180.234.216,
654,Delia,Kluge,dklugei5@wsj.com,Female,95.191.177.28,186947
655,Kathye,Neesam,kneesami6@yale.edu,,166.143.64.173,
656,Georgianne,Garrals,ggarralsi7@ow.ly,Female,204.37.202.41,121595
657,Claiborn,Judkin,cjudkini8@rakuten.co.jp,Male,11.60.16.166,143143
658,Giffie,Seywood,gseywoodi9@house.gov,Male,64.211.38.28,26818
659,Drew,Chatan,dchatania@auda.org.au,Agender,81.183.128.111,112230
660,Basil,Spriggen,bspriggenib@noaa.gov,Genderqueer,6.118.178.246,225073
661,Sadie,Hastilow,shastilowic@irs.gov,Female,91.37.145.83,123450
662,Roderick,Laddle,rladdleid@jimdo.com,Male,190.91.93.120,154287
663,Maury,Bacop,mbacopie@squidoo.com,Male,30.175.34.213,137074
664,Rossy,Schimke,rschimkeif@indiegogo.com,Male,116.168.156.67,185945
665,Bogey,Rizzetti,brizzettiig@apache.org,Male,1.81.75.77,160809
666,Deirdre,Bielfeld,dbielfeldih@hc360.com,Female,218.217.250.56,102597
667,Consuelo,Siebert,csiebertii@issuu.com,Female,16.111.188.49,139291
668,Mitchael,Marcham,mmarchamij@qq.com,Male,217.154.82.113,169631
669,Phillida,Davitashvili,pdavitashviliik@weebly.com,Female,225.201.238.225,139945
670,Lutero,Lezemore,llezemoreil@auda.org.au,,12.79.175.71,
671,Allard,Iacomelli,aiacomelliim@addtoany.com,,24.80.229.45,
672,Petr,Pettett,ppettettin@hugedomains.com,Male,194.223.65.95,136165
673,Welsh,McIlreavy,wmcilreavyio@biblegateway.com,Male,83.137.224.227,36635
674,Abdel,Zamora,azamoraip@hubpages.com,Male,7.137.170.120,106160
675,Nestor,MacNeillie,nmacneillieiq@merriam-webster.com,Male,3.61.231.188,213456
676,Leyla,Schuster,lschusterir@tmall.com,Female,237.141.248.72,193237
677,Leora,Haitlie,lhaitlieis@wikimedia.org,Genderfluid,216.207.15.189,176068
678,Carlota,Rushe,crusheit@kickstarter.com,,148.197.238.17,
679,Pearce,Fydoe,pfydoeiu@nifty.com,Male,29.15.168.48,115414
680,Arliene,Wilkison,awilkisoniv@yelp.com,,194.192.159.104,
681,Lita,Sumption,lsumptioniw@quantcast.com,Female,140.194.212.43,76050
682,Pascal,Villaron,pvillaronix@state.tx.us,Agender,82.165.192.241,49001
683,Scarface,Fieldstone,sfieldstoneiy@amazon.co.jp,Male,42.211.101.238,39309
684,Kiah,Cooling,kcoolingiz@github.com,Female,40.164.154.181,146180
685,Marcia,Yurov,myurovj0@bloglines.com,Female,38.237.77.25,163823
686,Sarina,Cattow,scattowj1@ustream.tv,Polygender,97.118.126.199,31278
687,Jyoti,Goseling,jgoselingj2@issuu.com,Female,32.231.193.52,39192
688,Giulietta,Booth,gboothj3@bizjournals.com,,198.171.254.73,
689,Carmencita,Ziemens,cziemensj4@senate.gov,Female,166.227.109.72,58810
690,Reuben,Gaunter,rgaunterj5@alibaba.com,Male,150.247.202.153,103259
691,Shep,Tebbett,stebbettj6@bbc.co.uk,,24.206.105.255,
692,Catina,Kays,ckaysj7@chron.com,Female,104.23.147.226,60654
693,Seamus,Anshell,sanshellj8@japanpost.jp,Male,20.2.222.205,156533
694,Zarah,Denning,zdenningj9@yahoo.co.jp,Female,15.132.85.38,75717
695,Donn,Courvert,dcourvertja@ucla.edu,Male,33.140.62.39,89077
696,Helsa,Ezzell,hezzelljb@senate.gov,Female,16.137.98.246,93744
697,Ashleigh,Price,apricejc@house.gov,Female,152.230.20.9,183931
698,Junie,Cramond,jcramondjd@buzzfeed.com,Female,35.72.109.37,234261
699,Sonja,Dalwood,sdalwoodje@ox.ac.uk,,231.1.155.222,
700,Nevins,Newson,nnewsonjf@miitbeian.gov.cn,Male,48.201.89.86,59449
701,Patton,Pitcher,ppitcherjg@mysql.com,Male,239.115.63.92,119965
702,Roxana,Pettit,rpettitjh@homestead.com,Female,171.219.54.203,62387
703,Katerine,Morrice,kmorriceji@arizona.edu,Female,178.211.180.162,212475
704,Conrad,Bullivant,cbullivantjj@dailymotion.com,Male,201.217.111.179,79815
705,Quentin,Strangman,qstrangmanjk@techcrunch.com,,246.48.42.68,
706,Sara-ann,Sainthill,ssainthilljl@edublogs.org,Female,188.189.146.203,32531
707,Rivkah,O'Tuohy,rotuohyjm@house.gov,Female,40.57.223.188,90033
708,Davidde,Bedding,dbeddingjn@upenn.edu,Male,243.61.44.46,114018
709,Ingamar,Hiddersley,ihiddersleyjo@shop-pro.jp,Male,54.4.244.42,120955
710,Hedy,Louiset,hlouisetjp@topsy.com,Female,70.177.148.218,64691
711,Gay,Petrollo,gpetrollojq@cmu.edu,Male,8.49.194.185,116984
712,Valma,Monkleigh,vmonkleighjr@1688.com,Female,81.16.92.136,42799
713,Harriot,Bellenie,hbelleniejs@meetup.com,Female,126.8.5.228,206143
714,Oliver,Kiezler,okiezlerjt@ebay.co.uk,Male,137.77.6.51,55482
715,Orland,Hinkes,ohinkesju@bbb.org,Male,232.49.109.111,182786
716,Hamil,Eydel,heydeljv@t-online.de,Polygender,128.206.50.169,169596
717,Janice,Kirkham,jkirkhamjw@github.com,Genderqueer,238.242.72.200,35831
718,Dale,Ashby,dashbyjx@npr.org,Male,21.76.199.78,177310
719,Ailene,Bowell,abowelljy@opensource.org,Female,29.254.253.53,59647
720,Walther,Hoogendorp,whoogendorpjz@cdc.gov,Male,104.131.55.36,63780
721,Clarita,Coytes,ccoytesk0@blog.com,Female,220.113.6.232,235209
722,Marjory,Enocksson,menockssonk1@51.la,Female,145.68.211.245,44016
723,Bentlee,Dark,bdarkk2@wikia.com,Male,52.7.29.14,56216
724,Lonni,Troop,ltroopk3@dropbox.com,Female,217.48.45.85,49599
725,Seumas,Yakov,syakovk4@youtu.be,Male,254.253.221.141,223243
726,Wash,Arrigucci,warriguccik5@bbc.co.uk,Male,215.177.161.255,150751
727,Merill,Houlahan,mhoulahank6@eventbrite.com,Male,220.173.111.226,57474
728,Rorke,Pevreal,rpevrealk7@sphinn.com,Male,72.184.159.53,106048
729,Kelvin,Emmanuele,kemmanuelek8@icq.com,Male,141.41.157.193,43165
730,Corliss,MacCaghan,cmaccaghank9@hatena.ne.jp,Female,133.47.133.19,170194
731,Shaine,Chasle,schasleka@nih.gov,Male,45.228.205.153,131770
732,Jacquette,Dumpleton,jdumpletonkb@eventbrite.com,Female,254.126.193.166,141199
733,Isak,Priden,ipridenkc@amazon.co.jp,Male,35.245.66.244,202767
734,Oralle,Davidofski,odavidofskikd@parallels.com,Female,23.89.60.28,99947
735,Kassandra,Bisatt,kbisattke@ibm.com,Female,199.26.148.41,28741
736,Dunstan,Gautrey,dgautreykf@ezinearticles.com,Male,146.153.79.37,53683
737,Niles,Linkie,nlinkiekg@lulu.com,Male,132.210.178.167,66441
738,Ardelis,Secker,aseckerkh@about.me,Female,95.104.122.234,199406
739,Edan,Tregust,etregustki@about.me,Male,15.167.130.180,211784
740,Orelee,Mieville,omievillekj@mail.ru,Female,219.161.3.137,40788
741,Leslie,Menicomb,lmenicombkk@google.com,Male,173.254.249.32,183607
742,Sula,Muslim,smuslimkl@mapquest.com,Agender,247.38.181.77,241221
743,Arleta,Bleythin,ableythinkm@nps.gov,Female,13.147.0.114,113199
744,Jessalyn,Harverson,jharversonkn@earthlink.net,Female,190.147.243.142,94643
745,Walsh,Illsley,willsleyko@is.gd,Male,68.182.18.131,220295
746,Raddie,Jablonski,rjablonskikp@instagram.com,Male,138.103.55.48,43291
747,Conny,Batten,cbattenkq@ning.com,Male,187.46.244.80,128474
748,Carolee,Lobley,clobleykr@booking.com,,97.239.149.141,
749,Natividad,Mowatt,nmowattks@acquirethisname.com,Female,164.152.239.87,186512
750,Stesha,McConville,smcconvillekt@e-recht24.de,Agender,43.30.243.236,141788
751,Jerrilee,Antham,janthamku@timesonline.co.uk,Female,145.27.14.49,49225
752,Donavon,MacBean,dmacbeankv@jigsy.com,Male,107.161.59.141,198479
753,Reggie,Covelle,rcovellekw@pagesperso-orange.fr,Male,117.143.254.62,90498
754,Brion,Ivanets,bivanetskx@1688.com,Male,179.162.211.115,235021
755,Salomon,Gylle,sgylleky@bizjournals.com,Male,235.147.247.42,191526
756,Udall,Spaducci,uspaduccikz@ibm.com,Male,239.161.179.197,111592
757,Roddie,Dani,rdanil0@desdev.cn,,68.126.73.128,
758,Xenia,Madoc-Jones,xmadocjonesl1@ucoz.com,Female,26.44.163.212,138814
759,Bernice,Manntschke,bmanntschkel2@blogtalkradio.com,Female,173.189.193.2,106291
760,Gibby,Eldin,geldinl3@bbc.co.uk,Male,207.119.171.224,174162
761,Lucio,Steet,lsteetl4@baidu.com,Male,51.38.153.240,177522
762,Beltran,Clemits,bclemitsl5@ovh.net,Genderfluid,20.125.15.68,177625
763,Ave,Claybourne,aclaybournel6@oakley.com,Male,234.47.167.68,92155
764,Rosemarie,Crighton,rcrightonl7@ucoz.ru,Female,112.147.222.163,30457
765,Averil,Rowes,arowesl8@mozilla.com,Female,85.180.219.246,198242
766,Zack,Graham,zgrahaml9@jugem.jp,Male,40.172.85.183,135105
767,Bearnard,Maureen,bmaureenla@histats.com,,223.30.16.8,
768,Abran,Kerss,akersslb@home.pl,Male,98.185.226.237,86417
769,Woodrow,Teggart,wteggartlc@columbia.edu,Male,21.107.123.163,249363
770,Clare,Prevost,cprevostld@sourceforge.net,Male,207.251.88.211,244484
771,Cordie,McKevany,cmckevanyle@skype.com,Male,119.185.178.227,216857
772,Jodie,Stratiff,jstratifflf@bloomberg.com,Female,170.118.56.155,211647
773,Gleda,McGunley,gmcgunleylg@biblegateway.com,Female,71.88.209.216,42408
774,Mill,McNirlan,mmcnirlanlh@shop-pro.jp,Male,2.130.87.20,212620
775,Thorvald,Shearman,tshearmanli@list-manage.com,Male,241.191.141.22,114394
776,Serene,Metham,smethamlj@washingtonpost.com,Female,224.125.107.5,41901
777,Moritz,Babbe,mbabbelk@spotify.com,Male,173.124.239.195,231568
778,Elianora,Cometson,ecometsonll@1und1.de,Non-binary,20.132.43.72,84525
779,Ram,Tarborn,rtarbornlm@google.com.hk,Male,155.25.211.194,38206
780,Cami,Mugford,cmugfordln@washingtonpost.com,Female,133.46.58.144,229908
781,Judah,Preator,jpreatorlo@ehow.com,,10.245.43.253,
782,Holden,Sutterfield,hsutterfieldlp@marketwatch.com,Male,231.155.179.124,163424
783,Stanwood,Antonich,santonichlq@sogou.com,Male,79.84.218.247,234386
784,Boyce,McCumskay,bmccumskaylr@geocities.com,Male,170.165.153.121,112572
785,Ainslie,Herion,aherionls@usnews.com,Female,196.132.183.125,52559
786,Nils,Shawel,nshawellt@theatlantic.com,Male,220.115.247.36,129055
787,Etienne,Barrows,ebarrowslu@wikia.com,,164.134.172.93,
788,Benjamen,Oxshott,boxshottlv@wufoo.com,Male,83.100.93.64,90344
789,Bernadine,Strathe,bstrathelw@miitbeian.gov.cn,Female,187.240.93.248,79920
790,Kassandra,Ibbitt,kibbittlx@admin.ch,Female,83.218.122.44,129429
791,Eilis,Trenbay,etrenbayly@aboutads.info,Female,175.144.143.22,40917
792,Tirrell,Bickerton,tbickertonlz@opensource.org,Male,59.178.182.33,165075
793,Agneta,O'Duane,aoduanem0@twitter.com,Female,120.203.49.193,196917
794,Leola,Voice,lvoicem1@blinklist.com,Female,41.35.117.74,249284
795,Desirae,Wardrop,dwardropm2@microsoft.com,Female,228.56.34.60,154017
796,Persis,Petegre,ppetegrem3@pcworld.com,Female,68.223.148.27,104618
797,Brennan,Pechard,bpechardm4@blog.com,Male,252.102.86.28,115189
798,Dolli,Burbidge,dburbidgem5@e-recht24.de,Female,211.238.142.62,29108
799,Merrie,Winman,mwinmanm6@phpbb.com,Female,170.55.133.11,124704
800,Dun,MacQueen,dmacqueenm7@so-net.ne.jp,,11.72.139.48,
801,Arel,Ducket,aducketm8@alibaba.com,Male,252.49.191.16,172377
802,Dimitry,Casham,dcashamm9@netvibes.com,Male,143.60.161.105,222504
803,Conny,Roony,croonyma@liveinternet.ru,Bigender,98.250.155.49,170845
804,Darya,Magner,dmagnermb@army.mil,Female,239.49.177.95,169517
805,Maxy,Pepperrall,mpepperrallmc@friendfeed.com,Female,173.65.190.137,120737
806,Dena,Wonfor,dwonformd@cnet.com,Female,60.10.50.63,226287
807,Chantalle,Mandry,cmandryme@gizmodo.com,Female,161.188.244.98,45367
808,Whitby,Knibbs,wknibbsmf@homestead.com,Male,196.245.235.37,202882
809,Rinaldo,Perigo,rperigomg@cnbc.com,Male,38.209.217.168,238693
810,Stephan,Breakspear,sbreakspearmh@symantec.com,Male,53.93.165.157,119807
811,Conny,Vedenyakin,cvedenyakinmi@live.com,Female,78.184.40.3,89644
812,Cacilia,Sermin,cserminmj@skyrock.com,Female,125.224.1.80,245123
813,Gal,Pridie,gpridiemk@edublogs.org,Genderfluid,69.238.240.170,85658
814,Bili,Baynard,bbaynardml@histats.com,,89.67.143.6,
815,Clayborn,Klimentyonok,cklimentyonokmm@about.com,,29.127.176.123,
816,Mitzi,Le Monnier,mlemonniermn@arstechnica.com,Female,133.51.78.238,230912
817,Curcio,Lunck,clunckmo@imdb.com,Male,75.78.247.243,116777
818,Ward,Veschambre,wveschambremp@networkadvertising.org,Male,43.193.151.50,226855
819,Florance,Krout,fkroutmq@drupal.org,Female,243.138.122.8,188707
820,Les,Boulder,lbouldermr@pinterest.com,Male,135.146.96.45,231884
821,Whitney,Kohnert,wkohnertms@macromedia.com,Male,53.128.230.161,229479
822,Bernice,Seabon,bseabonmt@berkeley.edu,Female,201.16.16.5,66884
823,Bernard,Seiler,bseilermu@plala.or.jp,Male,113.109.243.188,124858
824,Norean,Cavaney,ncavaneymv@rakuten.co.jp,Female,45.170.91.45,46698
825,Averill,Lace,alacemw@ftc.gov,Male,98.35.57.159,193806
826,Jeremie,Jovicic,jjovicicmx@cdbaby.com,Male,239.160.122.19,201502
827,Jilly,Boughton,jboughtonmy@ft.com,,249.92.128.6,
828,Lesly,Bugs,lbugsmz@wunderground.com,,227.199.172.197,
829,Trudy,Bogart,tbogartn0@homestead.com,Genderfluid,8.46.30.135,209299
830,Abrahan,Hendrix,ahendrixn1@angelfire.com,Male,77.117.126.25,177158
831,Francklyn,Kunkler,fkunklern2@amazonaws.com,Male,243.23.42.185,231513
832,Clemente,Scottini,cscottinin3@shareasale.com,Male,214.222.147.83,79812
833,Erin,Mabley,emableyn4@newyorker.com,Male,48.147.213.9,76102
834,Levey,Gladdolph,lgladdolphn5@addthis.com,Male,150.11.131.11,28288
835,Dyana,Stothert,dstothertn6@bing.com,Female,200.95.245.115,181381
836,Rees,Fermor,rfermorn7@theglobeandmail.com,Male,95.226.254.108,45575
837,Libbey,Pallant,lpallantn8@photobucket.com,Female,239.179.229.150,173314
838,Liz,Bellany,lbellanyn9@mtv.com,Female,94.21.186.46,84478
839,Andrej,Czaja,aczajana@quantcast.com,Male,195.184.161.125,249845
840,Cassey,Stringman,cstringmannb@blinklist.com,Female,230.177.176.63,36218
841,Jesselyn,Leneve,jlenevenc@i2i.jp,Female,74.119.250.79,83554
842,Nikolas,Daysh,ndayshnd@gov.uk,Male,38.104.202.222,127493
843,Eziechiele,Gouly,egoulyne@mtv.com,Male,188.40.57.52,198011
844,Erda,Dils,edilsnf@quantcast.com,Female,218.76.193.241,200210
845,Ermengarde,Babbage,ebabbageng@adobe.com,Female,112.121.203.90,42619
846,Zebulen,Duke,zdukenh@fastcompany.com,Male,253.160.194.90,89131
847,Maiga,Skerman,mskermanni@mashable.com,Female,230.74.192.35,86780
848,Lauri,Barbara,lbarbaranj@umich.edu,,27.48.69.27,
849,Miquela,Scotson,mscotsonnk@bigcartel.com,Female,34.249.172.152,150762
850,Maye,Crittal,mcrittalnl@edublogs.org,Female,100.83.84.98,180428
851,Brucie,Egdale,begdalenm@amazonaws.com,Male,129.65.241.192,232553
852,Seymour,Elvey,selveynn@technorati.com,Male,220.237.149.237,62227
853,Georgiana,Dignum,gdignumno@surveymonkey.com,Female,221.202.133.132,71269
854,Yetta,Juliano,yjulianonp@psu.edu,,51.111.162.182,
855,Elana,Greeno,egreenonq@123-reg.co.uk,Female,167.119.174.39,48888
856,Carlos,Clayson,cclaysonnr@cbslocal.com,Male,136.230.17.141,229424
857,Josephina,Macewan,jmacewanns@usatoday.com,Non-binary,69.227.65.7,228856
858,Mateo,Robertucci,mrobertuccint@usatoday.com,,213.70.160.125,
859,Sharia,McQuirk,smcquirknu@usa.gov,Female,201.71.29.113,113004
860,Susan,Noar,snoarnv@census.gov,Female,248.193.197.153,103475
861,Janine,Strut,jstrutnw@scientificamerican.com,Female,239.51.183.158,166140
862,Axel,Manske,amanskenx@reference.com,Male,110.26.6.156,83624
863,Melisande,Beckwith,mbeckwithny@pen.io,,159.190.120.135,
864,Tobe,Southorn,tsouthornnz@last.fm,Male,182.31.5.237,37218
865,Sissy,Iacovini,siacovinio0@technorati.com,Female,122.181.145.224,80372
866,Renard,Ounsworth,rounswortho1@netscape.com,Male,236.4.1.33,230417
867,Gayler,Gittose,ggittoseo2@nymag.com,Male,242.73.124.35,27214
868,Amos,Joice,ajoiceo3@usnews.com,Male,201.106.198.13,29527
869,Jefferson,Coatham,jcoathamo4@examiner.com,Bigender,110.125.220.246,205613
870,Curtis,Hallmark,challmarko5@amazon.de,Bigender,141.134.78.118,43963
871,Ebonee,Peace,epeaceo6@earthlink.net,Female,62.5.119.211,228802
872,Marlyn,Domini,mdominio7@house.gov,Female,40.29.232.116,203095
873,Doralynne,Tipens,dtipenso8@virginia.edu,Female,248.93.179.142,133008
874,Heddie,Sember,hsembero9@bandcamp.com,,146.255.129.37,
875,Nicolais,Lauder,nlauderoa@shareasale.com,Agender,239.195.136.52,33372
876,Bradley,Wallbutton,bwallbuttonob@google.pl,Male,123.102.46.140,143528
877,Roanna,Pinyon,rpinyonoc@time.com,Female,27.215.140.247,239792
878,Cyndy,Meatcher,cmeatcherod@umn.edu,Female,105.13.205.112,96379
879,Lorianne,Cahill,lcahilloe@pbs.org,Female,239.218.88.132,106075
880,Jobey,Kellett,jkellettof@forbes.com,,199.105.64.62,
881,Walt,Gillani,wgillaniog@cbsnews.com,Genderqueer,21.176.52.19,241135
882,Marleen,Harvison,mharvisonoh@msu.edu,Female,84.103.31.125,83783
883,Templeton,Alman,talmanoi@over-blog.com,Male,151.69.61.94,46227
884,Burlie,Pennycord,bpennycordoj@thetimes.co.uk,Male,113.183.34.124,72139
885,Josselyn,Matelyunas,jmatelyunasok@fda.gov,Female,40.217.45.210,149603
886,Milli,Reihm,mreihmol@tmall.com,Female,231.25.63.43,85647
887,Sharl,Carwithen,scarwithenom@archive.org,Female,228.52.237.233,113490
888,Sheilakathryn,Begent,sbegenton@businesswire.com,Female,218.74.138.77,212625
889,Munroe,Manterfield,mmanterfieldoo@usnews.com,Male,28.223.142.116,31613
890,Pattin,Bellhanger,pbellhangerop@soundcloud.com,Male,38.7.18.207,248397
891,Michal,Gooddy,mgooddyoq@msu.edu,Female,94.113.155.166,32824
892,Yehudi,De la Yglesia,ydelayglesiaor@wsj.com,Male,40.25.162.3,150220
893,Gustave,Chaloner,gchaloneros@dion.ne.jp,Male,241.255.161.158,209347
894,Mikol,Scolts,mscoltsot@ox.ac.uk,Male,68.197.165.102,78287
895,Pippy,Izakson,pizaksonou@acquirethisname.com,Female,55.226.91.247,185744
896,Goddard,Burkinshaw,gburkinshawov@linkedin.com,Male,249.177.243.89,49838
897,Bev,Craigie,bcraigieow@wordpress.com,Male,168.96.51.186,236037
898,Ricki,Lardier,rlardierox@washingtonpost.com,,146.98.50.29,
899,Angelika,Bisseker,abissekeroy@flavors.me,Female,112.170.203.6,49771
900,Emmerich,Morris,emorrisoz@patch.com,Male,150.217.49.156,213863
901,Nathalia,Isakowicz,nisakowiczp0@umich.edu,Female,30.178.105.181,153718
902,Anne-corinne,Ladbury,aladburyp1@aboutads.info,Agender,122.201.65.142,56731
903,Berta,Gregorin,bgregorinp2@tiny.cc,Female,7.220.9.110,168839
904,Kenna,Harburtson,kharburtsonp3@samsung.com,Female,238.175.175.220,88452
905,Garland,Renon,grenonp4@hatena.ne.jp,Female,41.241.192.204,228375
906,Emmi,Fortey,eforteyp5@163.com,Female,71.110.79.51,210068
907,Jacquenetta,Dwire,jdwirep6@gnu.org,Female,49.93.63.229,146272
908,Ansley,Helversen,ahelversenp7@last.fm,Female,97.52.77.185,139112
909,Berkly,Frankcomb,bfrankcombp8@java.com,Male,172.33.77.215,168944
910,Ogden,Crippen,ocrippenp9@pen.io,Male,203.94.64.201,84378
911,Hilario,Clemmitt,hclemmittpa@merriam-webster.com,Male,91.155.9.156,87561
912,Marcile,Stockney,mstockneypb@oaic.gov.au,Female,153.0.193.64,136456
913,Phillip,Getley,pgetleypc@angelfire.com,Male,161.47.128.195,133420
914,Jacinda,Alston,jalstonpd@dropbox.com,Female,13.172.216.46,26355
915,Alvinia,Stronach,astronachpe@cnbc.com,Polygender,116.142.115.164,99518
916,Selle,Batchley,sbatchleypf@bigcartel.com,Female,189.123.202.15,122370
917,Cyndie,Lannin,clanninpg@histats.com,Female,246.59.9.209,197259
918,Timoteo,Kruszelnicki,tkruszelnickiph@abc.net.au,Male,62.7.155.96,33790
919,Lothario,Mingauld,lmingauldpi@bigcartel.com,Male,237.204.244.57,163399
920,Dunc,Olland,dollandpj@prnewswire.com,Male,129.208.112.196,106398
921,Asher,Goghin,agoghinpk@auda.org.au,Male,241.198.232.10,248221
922,Vania,Bartoshevich,vbartoshevichpl@latimes.com,,182.59.48.220,
923,Jaquenette,Oxtaby,joxtabypm@bluehost.com,Female,214.90.200.27,33630
924,Shela,Pavier,spavierpn@surveymonkey.com,Female,142.215.44.24,233938
925,Bradley,Carty,bcartypo@deviantart.com,,245.199.86.61,
926,Bertie,Grafton,bgraftonpp@quantcast.com,Female,62.187.229.6,147604
927,Reginald,Copins,rcopinspq@huffingtonpost.com,Male,81.60.183.27,171501
928,Roderic,Bapty,rbaptypr@google.ca,Male,149.72.222.137,201820
929,Levin,Kleynen,lkleynenps@exblog.jp,Male,41.185.170.249,65007
930,Gherardo,Yon,gyonpt@guardian.co.uk,Male,160.252.204.95,73185
931,Demetris,Adin,dadinpu@foxnews.com,Male,101.5.152.230,225475
932,Gav,Dohmann,gdohmannpv@theatlantic.com,Male,163.107.26.65,186805
933,Jason,McFaell,jmcfaellpw@alibaba.com,Male,145.159.193.176,56304
934,Alvie,Branigan,abraniganpx@quantcast.com,Male,179.185.4.235,45871
935,Yancey,Sproul,ysproulpy@umich.edu,,83.78.209.238,
936,Tab,Raycroft,traycroftpz@seattletimes.com,Male,244.34.25.129,39325
937,Cyndia,Leser,cleserq0@marriott.com,Female,189.213.238.191,158838
938,Kendall,Roels,kroelsq1@histats.com,Male,107.88.128.141,26095
939,Roger,Munton,rmuntonq2@mac.com,Male,92.135.130.37,179065
940,Stormy,Jacobowits,sjacobowitsq3@hubpages.com,Non-binary,244.212.220.190,246936
941,Loretta,Kitney,lkitneyq4@hugedomains.com,Female,138.135.200.39,167100
942,April,Pickerin,apickerinq5@loc.gov,Non-binary,36.254.59.72,107879
943,Costanza,Gregorowicz,cgregorowiczq6@vk.com,,71.141.190.175,
944,Fey,Leate,fleateq7@nps.gov,Female,237.33.160.104,74456
945,Ivette,Lambdean,ilambdeanq8@utexas.edu,Female,47.73.52.181,83046
946,Luce,Tendahl,ltendahlq9@people.com.cn,Female,2.23.64.185,57338
947,Selinda,Stagge,sstaggeqa@moonfruit.com,Female,19.233.169.59,49852
948,Boonie,Elacoate,belacoateqb@house.gov,Male,59.11.181.31,179670
949,Cody,Grayshon,cgrayshonqc@spotify.com,Female,219.171.224.158,110831
950,Ailbert,Danaher,adanaherqd@soundcloud.com,Male,35.215.113.46,249553
951,Gaven,Flaune,gflauneqe@samsung.com,Male,114.126.217.102,107786
952,Kin,Kernermann,kkernermannqf@joomla.org,,50.37.109.250,
953,Gregoor,Fullerlove,gfullerloveqg@dion.ne.jp,Male,10.205.152.204,155943
954,Englebert,Geach,egeachqh@stumbleupon.com,Male,219.85.28.157,92574
955,Sallyanne,Galle,sgalleqi@whitehouse.gov,Female,11.118.35.36,74354
956,Piotr,Longmire,plongmireqj@statcounter.com,Male,134.153.67.209,120674
957,Marylin,Ertelt,merteltqk@cam.ac.uk,Female,51.250.90.48,122285
958,Jessie,Chimenti,jchimentiql@jugem.jp,Non-binary,209.145.76.174,130765
959,Grace,Lazell,glazellqm@ocn.ne.jp,Male,38.22.202.58,85137
960,Dael,Georgeon,dgeorgeonqn@cafepress.com,Male,153.145.20.109,74483
961,Candy,Gooly,cgoolyqo@businesswire.com,Female,104.241.82.13,99923
962,Osbert,Darcey,odarceyqp@godaddy.com,Male,24.190.15.144,133008
963,Mame,Birdwhistell,mbirdwhistellqq@lycos.com,Female,78.159.193.86,92599
964,Stanislaw,Danzig,sdanzigqr@yolasite.com,,129.146.61.130,
965,Thedric,Vowell,tvowellqs@newyorker.com,Male,242.63.126.187,82590
966,Kingsly,Andrzejczak,kandrzejczakqt@flickr.com,Male,113.53.153.106,219373
967,Joelie,Robardey,jrobardeyqu@yellowpages.com,Female,99.222.151.91,48170
968,Keslie,Attarge,kattargeqv@spiegel.de,Female,82.86.76.252,89790
969,Beulah,Lossman,blossmanqw@clickbank.net,,0.65.188.144,
970,Forest,Kilfeder,fkilfederqx@fotki.com,Male,55.111.190.122,82364
971,Glyn,Longea,glongeaqy@utexas.edu,Male,53.205.163.183,50506
972,Kelby,Duerden,kduerdenqz@geocities.com,Male,64.45.215.214,208078
973,Timofei,Tester,ttesterr0@nsw.gov.au,,16.255.163.59,
974,Jimmy,Timberlake,jtimberlaker1@chron.com,Male,95.8.5.34,63408
975,Lara,Woof,lwoofr2@narod.ru,Female,2.59.94.7,196373
976,Cati,Sockell,csockellr3@patch.com,Female,5.37.49.149,212369
977,Gabi,Jeyes,gjeyesr4@washingtonpost.com,Female,254.117.150.98,44667
978,Roosevelt,Galero,rgaleror5@over-blog.com,Male,112.209.46.159,184164
979,Ursola,L'Amie,ulamier6@naver.com,Agender,31.20.66.211,247249
980,Theda,Humerstone,thumerstoner7@buzzfeed.com,,91.225.111.132,
981,Darrell,Rose,droser8@dailymotion.com,Male,4.177.167.61,243719
982,Salem,Lacky,slackyr9@chronoengine.com,Male,82.68.124.77,37127
983,Thane,Beldam,tbeldamra@qq.com,Male,117.98.79.181,44449
984,Victoir,Burnet,vburnetrb@ox.ac.uk,Male,112.9.176.229,203058
985,Gerhardt,Tenwick,gtenwickrc@stumbleupon.com,Polygender,111.56.230.75,228984
986,Elihu,Chese,echeserd@indiatimes.com,Male,236.178.61.140,202082
987,Theresa,Mayberry,tmayberryre@rediff.com,,136.209.40.78,
988,Armando,Ewebank,aewebankrf@altervista.org,Male,2.190.223.183,246879
989,Flory,Sacco,fsaccorg@sciencedirect.com,Female,148.148.41.199,210903
990,Yolanda,Mellonby,ymellonbyrh@reference.com,Female,98.55.197.4,166554
991,Lay,Eirwin,leirwinri@noaa.gov,Male,146.213.223.12,131914
992,Randee,Thorn,rthornrj@sohu.com,Female,241.176.185.191,164569
993,Polly,Luparto,plupartork@bing.com,Female,183.181.49.217,208911
994,Zaria,Morant,zmorantrl@bigcartel.com,Female,108.78.151.188,28509
995,Fredelia,Mallender,fmallenderrm@usda.gov,Female,115.207.242.74,40060
996,Maxine,Drayson,mdraysonrn@utexas.edu,Female,154.175.183.168,180212
997,Hurlee,Joule,hjoulero@lulu.com,Male,125.113.145.75,236014
998,Richart,Koschke,rkoschkerp@patch.com,Male,104.236.121.243,54435
999,Giffie,Merring,gmerringrq@tmall.com,Male,112.53.45.36,59692
1000,Giorgi,Winspare,gwinsparerr@gov.uk,,122.46.136.150,
